chrom,pos,ref,alt,variant_id,clinical_significance,disease,cosmic,gene
17,7565159,A,G,chr17:g.7565159A>G,,,,
17,7565159,ACCT,A,chr17:g.7565159ACCT>A,,,,
17,7565166,C,T,chr17:g.7565166C>T,,,,
17,7565306,G,C,chr17:g.7565306G>C,,,,
17,7565352,C,A,chr17:g.7565352C>A,,,,
17,7565368,C,T,chr17:g.7565368C>T,,,,
17,7565395,C,T,chr17:g.7565395C>T,,,,
17,7565421,C,T,chr17:g.7565421C>T,,,,
17,7565569,T,G,chr17:g.7565569T>G,,,,
17,7565681,A,G,chr17:g.7565681A>G,,,,
17,7565696,A,C,chr17:g.7565696A>C,,,,
17,7565734,T,A,chr17:g.7565734T>A,,,,
17,7565800,T,G,chr17:g.7565800T>G,,,,
17,7565811,A,G,chr17:g.7565811A>G,,,,
17,7566068,C,T,chr17:g.7566068C>T,,,,
17,7566133,A,G,chr17:g.7566133A>G,,,,
17,7566237,C,T,chr17:g.7566237C>T,,,,
17,7566258,G,C,chr17:g.7566258G>C,,,,
17,7566274,T,G,chr17:g.7566274T>G,,,,
17,7566305,G,C,chr17:g.7566305G>C,,,,
17,7566326,CT,C,chr17:g.7566326CT>C,,,,
17,7566333,C,T,chr17:g.7566333C>T,,,,
17,7566335,A,G,chr17:g.7566335A>G,,,,
17,7566366,C,T,chr17:g.7566366C>T,,,,
17,7566380,G,A,chr17:g.7566380G>A,,,,
17,7566428,G,A,chr17:g.7566428G>A,,,,
17,7566517,T,C,chr17:g.7566517T>C,,,,
17,7566560,G,A,chr17:g.7566560G>A,,,,
17,7566630,G,A,chr17:g.7566630G>A,,,,
17,7566687,T,A,chr17:g.7566687T>A,,,,
17,7566701,AC,A,chr17:g.7566701AC>A,,,,
17,7566715,G,A,chr17:g.7566715G>A,,,,
17,7566731,A,C,chr17:g.7566731A>C,,,,
17,7566781,C,T,chr17:g.7566781C>T,,,,
17,7566783,G,A,chr17:g.7566783G>A,,,,
17,7566861,AAAAAG,A,chr17:g.7566861AAAAAG>A,,,,
17,7566893,C,T,chr17:g.7566893C>T,,,,
17,7566896,G,C,chr17:g.7566896G>C,,,,
17,7566897,A,C,chr17:g.7566897A>C,,,,
17,7566927,T,A,chr17:g.7566927T>A,,,,
17,7566954,T,C,chr17:g.7566954T>C,,,,
17,7566979,A,G,chr17:g.7566979A>G,,,,
17,7567025,G,A,chr17:g.7567025G>A,,,,
17,7567048,C,T,chr17:g.7567048C>T,,,,
17,7567095,C,T,chr17:g.7567095C>T,,,,
17,7567101,G,A,chr17:g.7567101G>A,,,,
17,7567127,C,T,chr17:g.7567127C>T,,,,
17,7567140,C,T,chr17:g.7567140C>T,,,,
17,7567200,C,A,chr17:g.7567200C>A,,,,
17,7567207,A,C,chr17:g.7567207A>C,,,,
17,7567213,G,A,chr17:g.7567213G>A,,,,
17,7567277,T,C,chr17:g.7567277T>C,,,,
17,7567440,T,C,chr17:g.7567440T>C,,,,
17,7567444,G,A,chr17:g.7567444G>A,,,,
17,7567468,G,A,chr17:g.7567468G>A,,,,
17,7567512,C,T,chr17:g.7567512C>T,,,,
17,7567515,C,T,chr17:g.7567515C>T,,,,
17,7567544,T,A,chr17:g.7567544T>A,,,,
17,7567658,G,A,chr17:g.7567658G>A,,,,
17,7567681,C,T,chr17:g.7567681C>T,,,,
17,7567703,A,G,chr17:g.7567703A>G,,,,
17,7567721,C,T,chr17:g.7567721C>T,,,,
17,7567727,A,C,chr17:g.7567727A>C,,,,
17,7567734,T,A,chr17:g.7567734T>A,,,,
17,7567737,C,CT,chr17:g.7567737C>CT,,,,
17,7567773,CTCTA,C,chr17:g.7567773CTCTA>C,,,,
17,7567786,C,T,chr17:g.7567786C>T,,,,
17,7567822,A,T,chr17:g.7567822A>T,,,,
17,7567826,G,C,chr17:g.7567826G>C,,,,
17,7567859,G,A,chr17:g.7567859G>A,,,,
17,7567902,C,CT,chr17:g.7567902C>CT,,,,
17,7567948,T,G,chr17:g.7567948T>G,,,,
17,7567962,C,T,chr17:g.7567962C>T,,,,
17,7568027,C,T,chr17:g.7568027C>T,,,,
17,7568043,C,T,chr17:g.7568043C>T,,,,
17,7568052,T,C,chr17:g.7568052T>C,,,,
17,7568055,C,G,chr17:g.7568055C>G,,,,
17,7568176,G,A,chr17:g.7568176G>A,,,,
17,7568207,C,A,chr17:g.7568207C>A,,,,
17,7568212,T,C,chr17:g.7568212T>C,,,,
17,7568225,A,T,chr17:g.7568225A>T,,,,
17,7568262,C,T,chr17:g.7568262C>T,,,,
17,7568309,C,A,chr17:g.7568309C>A,,,,
17,7568327,C,T,chr17:g.7568327C>T,,,,
17,7568356,A,G,chr17:g.7568356A>G,,,,
17,7568357,T,G,chr17:g.7568357T>G,,,,
17,7568443,G,A,chr17:g.7568443G>A,,,,
17,7568497,G,A,chr17:g.7568497G>A,,,,
17,7568569,T,C,chr17:g.7568569T>C,,,,
17,7568627,C,T,chr17:g.7568627C>T,,,,
17,7568628,G,A,chr17:g.7568628G>A,,,,
17,7568643,C,T,chr17:g.7568643C>T,,,,
17,7568647,A,G,chr17:g.7568647A>G,,,,
17,7568710,A,C,chr17:g.7568710A>C,,,,
17,7568712,A,G,chr17:g.7568712A>G,,,,
17,7568768,T,A,chr17:g.7568768T>A,,,,
17,7568836,G,A,chr17:g.7568836G>A,,,,
17,7568885,G,A,chr17:g.7568885G>A,,,,
17,7568925,C,T,chr17:g.7568925C>T,,,,
17,7568970,G,A,chr17:g.7568970G>A,,,,
17,7568978,G,A,chr17:g.7568978G>A,,,,
17,7569026,A,G,chr17:g.7569026A>G,,,,
17,7569035,G,C,chr17:g.7569035G>C,,,,
17,7569092,G,A,chr17:g.7569092G>A,,,,
17,7569109,C,CA,chr17:g.7569109C>CA,,,,
17,7569146,T,G,chr17:g.7569146T>G,,,,
17,7569173,C,G,chr17:g.7569173C>G,,,,
17,7569174,T,G,chr17:g.7569174T>G,,,,
17,7569239,T,C,chr17:g.7569239T>C,,,,
17,7569261,T,C,chr17:g.7569261T>C,,,,
17,7569291,T,G,chr17:g.7569291T>G,,,,
17,7569350,G,A,chr17:g.7569350G>A,,,,
17,7569371,A,T,chr17:g.7569371A>T,,,,
17,7569382,C,T,chr17:g.7569382C>T,,,,
17,7569398,T,C,chr17:g.7569398T>C,,,,
17,7569422,G,A,chr17:g.7569422G>A,,,,
17,7569425,G,C,chr17:g.7569425G>C,,,,
17,7569446,C,T,chr17:g.7569446C>T,,,,
17,7569482,G,A,chr17:g.7569482G>A,,,,
17,7569542,G,A,chr17:g.7569542G>A,,,,
17,7569546,C,G,chr17:g.7569546C>G,,,,
17,7569576,T,C,chr17:g.7569576T>C,,,,
17,7569646,T,C,chr17:g.7569646T>C,,,,
17,7569663,A,G,chr17:g.7569663A>G,,,,
17,7569698,A,C,chr17:g.7569698A>C,,,,
17,7569723,C,T,chr17:g.7569723C>T,,,,
17,7569739,G,C,chr17:g.7569739G>C,,,,
17,7569752,T,A,chr17:g.7569752T>A,,,,
17,7569783,C,T,chr17:g.7569783C>T,,,,
17,7569784,G,A,chr17:g.7569784G>A,,,,
17,7569822,G,A,chr17:g.7569822G>A,,,,
17,7569974,C,T,chr17:g.7569974C>T,,,,
17,7569981,C,T,chr17:g.7569981C>T,,,,
17,7570042,C,T,chr17:g.7570042C>T,,,,
17,7570124,G,A,chr17:g.7570124G>A,,,,
17,7570134,G,A,chr17:g.7570134G>A,,,,
17,7570148,A,G,chr17:g.7570148A>G,,,,
17,7570168,G,A,chr17:g.7570168G>A,,,,
17,7570189,T,C,chr17:g.7570189T>C,,,,
17,7570218,A,G,chr17:g.7570218A>G,,,,
17,7570258,G,A,chr17:g.7570258G>A,,,,
17,7570316,A,G,chr17:g.7570316A>G,,,,
17,7570318,G,T,chr17:g.7570318G>T,,,,
17,7570354,T,G,chr17:g.7570354T>G,,,,
17,7570372,G,A,chr17:g.7570372G>A,,,,
17,7570379,C,T,chr17:g.7570379C>T,,,,
17,7570389,C,G,chr17:g.7570389C>G,,,,
17,7570422,T,C,chr17:g.7570422T>C,,,,
17,7570445,C,T,chr17:g.7570445C>T,,,,
17,7570446,G,A,chr17:g.7570446G>A,,,,
17,7570487,C,T,chr17:g.7570487C>T,,,,
17,7570548,G,A,chr17:g.7570548G>A,,,,
17,7570549,C,A,chr17:g.7570549C>A,,,,
17,7570578,TA,T,chr17:g.7570578TA>T,,,,
17,7570622,G,C,chr17:g.7570622G>C,,,,
17,7570680,G,A,chr17:g.7570680G>A,,,,
17,7570758,A,G,chr17:g.7570758A>G,,,,
17,7570802,T,G,chr17:g.7570802T>G,,,,
17,7570823,G,C,chr17:g.7570823G>C,,,,
17,7570869,T,C,chr17:g.7570869T>C,,,,
17,7570878,G,A,chr17:g.7570878G>A,,,,
17,7570929,C,T,chr17:g.7570929C>T,,,,
17,7570930,A,G,chr17:g.7570930A>G,,,,
17,7570948,G,A,chr17:g.7570948G>A,,,,
17,7570956,G,A,chr17:g.7570956G>A,,,,
17,7570978,T,C,chr17:g.7570978T>C,,,,
17,7570995,A,G,chr17:g.7570995A>G,,,,
17,7571024,G,A,chr17:g.7571024G>A,,,,
17,7571041,C,A,chr17:g.7571041C>A,,,,
17,7571041,C,G,chr17:g.7571041C>G,,,,
17,7571071,T,C,chr17:g.7571071T>C,,,,
17,7571080,A,G,chr17:g.7571080A>G,,,,
17,7571099,C,T,chr17:g.7571099C>T,,,,
17,7571224,C,A,chr17:g.7571224C>A,,,,
17,7571226,C,A,chr17:g.7571226C>A,,,,
17,7571259,T,C,chr17:g.7571259T>C,,,,TP53
17,7571305,A,G,chr17:g.7571305A>G,,,,TP53
17,7571434,C,G,chr17:g.7571434C>G,,,,TP53
17,7571452,G,A,chr17:g.7571452G>A,,,,TP53
17,7571487,A,AGCCGTG,chr17:g.7571487A>AGCCGTG,,,,
17,7571545,C,T,chr17:g.7571545C>T,,,,TP53
17,7571546,C,T,chr17:g.7571546C>T,,,,TP53
17,7571567,C,T,chr17:g.7571567C>T,,,,TP53
17,7571597,C,T,chr17:g.7571597C>T,,,,TP53
17,7571603,C,A,chr17:g.7571603C>A,,,,TP53
17,7571635,A,T,chr17:g.7571635A>T,,,,TP53
17,7571706,C,G,chr17:g.7571706C>G,,,,TP53
17,7571752,T,G,chr17:g.7571752T>G,,,,TP53
17,7571830,A,T,chr17:g.7571830A>T,,,,TP53
17,7571857,G,A,chr17:g.7571857G>A,,,,TP53
17,7571864,C,T,chr17:g.7571864C>T,,,,TP53
17,7571936,C,A,chr17:g.7571936C>A,,,,TP53
17,7571991,T,C,chr17:g.7571991T>C,,,,TP53
17,7572041,C,T,chr17:g.7572041C>T,,,,TP53
17,7572064,G,A,chr17:g.7572064G>A,,,,TP53
17,7572072,G,A,chr17:g.7572072G>A,,,,TP53
17,7572101,C,T,chr17:g.7572101C>T,,,,TP53
17,7572102,G,A,chr17:g.7572102G>A,,,,TP53
17,7572145,A,G,chr17:g.7572145A>G,,,,TP53
17,7572154,G,A,chr17:g.7572154G>A,,,,TP53
17,7572164,A,G,chr17:g.7572164A>G,,,,TP53
17,7572231,A,G,chr17:g.7572231A>G,,,,TP53
17,7572314,G,T,chr17:g.7572314G>T,,,,TP53
17,7572356,AAC,A,chr17:g.7572356AAC>A,,,,
17,7572398,C,G,chr17:g.7572398C>G,,,,TP53
17,7572425,G,A,chr17:g.7572425G>A,,,,TP53
17,7572442,C,T,chr17:g.7572442C>T,,,,TP53
17,7572518,G,T,chr17:g.7572518G>T,,,,TP53
17,7572540,G,T,chr17:g.7572540G>T,,,,TP53
17,7572570,A,G,chr17:g.7572570A>G,,,,TP53
17,7572599,C,T,chr17:g.7572599C>T,,,,TP53
17,7572613,C,T,chr17:g.7572613C>T,,,,TP53
17,7572722,C,T,chr17:g.7572722C>T,,,,TP53
17,7572783,C,T,chr17:g.7572783C>T,,,,TP53
17,7572822,G,A,chr17:g.7572822G>A,,,,TP53
17,7572893,G,A,chr17:g.7572893G>A,,,,TP53
17,7573057,G,A,chr17:g.7573057G>A,,,,TP53
17,7573081,C,G,chr17:g.7573081C>G,,,,TP53
17,7573096,C,T,chr17:g.7573096C>T,,,,TP53
17,7573112,C,T,chr17:g.7573112C>T,,,,TP53
17,7573168,C,T,chr17:g.7573168C>T,,,,TP53
17,7573208,A,G,chr17:g.7573208A>G,,,,TP53
17,7573211,C,T,chr17:g.7573211C>T,,,,TP53
17,7573222,T,C,chr17:g.7573222T>C,,,,TP53
17,7573229,C,T,chr17:g.7573229C>T,,,,TP53
17,7573240,C,T,chr17:g.7573240C>T,,,,TP53
17,7573253,T,C,chr17:g.7573253T>C,,,,TP53
17,7573281,A,T,chr17:g.7573281A>T,,,,TP53
17,7573323,A,C,chr17:g.7573323A>C,,,,TP53
17,7573332,C,A,chr17:g.7573332C>A,,,,TP53
17,7573379,C,T,chr17:g.7573379C>T,,,,TP53
17,7573383,C,T,chr17:g.7573383C>T,,,,TP53
17,7573384,G,A,chr17:g.7573384G>A,,,,TP53
17,7573449,C,T,chr17:g.7573449C>T,,,,TP53
17,7573457,G,C,chr17:g.7573457G>C,,,,TP53
17,7573468,C,T,chr17:g.7573468C>T,,,,TP53
17,7573496,G,A,chr17:g.7573496G>A,,,,TP53
17,7573500,G,A,chr17:g.7573500G>A,,,,TP53
17,7573507,C,T,chr17:g.7573507C>T,,,,TP53
17,7573517,C,T,chr17:g.7573517C>T,,,,TP53
17,7573596,A,G,chr17:g.7573596A>G,,,,TP53
17,7573663,G,C,chr17:g.7573663G>C,,,,TP53
17,7573688,T,C,chr17:g.7573688T>C,,,,TP53
17,7573773,G,C,chr17:g.7573773G>C,,,,TP53
17,7573794,T,C,chr17:g.7573794T>C,,,,TP53
17,7573867,A,G,chr17:g.7573867A>G,,,,TP53
17,7573897,T,A,chr17:g.7573897T>A,,,,TP53
17,7573931,A,C,chr17:g.7573931A>C,,,haematopoietic_and_lymphoid_tissue,TP53
17,7573948,C,G,chr17:g.7573948C>G,,,,TP53
17,7573950,T,C,chr17:g.7573950T>C,,,,TP53
17,7574013,G,C,chr17:g.7574013G>C,,,,TP53
17,7574029,C,T,chr17:g.7574029C>T,,,,TP53
17,7574050,G,A,chr17:g.7574050G>A,,,,TP53
17,7574074,G,A,chr17:g.7574074G>A,,,,TP53
17,7574115,T,C,chr17:g.7574115T>C,,,,TP53
17,7574119,T,C,chr17:g.7574119T>C,,,,TP53
17,7574315,G,C,chr17:g.7574315G>C,,,,TP53
17,7574421,G,A,chr17:g.7574421G>A,,,,TP53
17,7574458,G,A,chr17:g.7574458G>A,,,,TP53
17,7574486,G,A,chr17:g.7574486G>A,,,,TP53
17,7574494,T,C,chr17:g.7574494T>C,,,,TP53
17,7574505,G,A,chr17:g.7574505G>A,,,,TP53
17,7574548,T,C,chr17:g.7574548T>C,,,,TP53
17,7574583,G,T,chr17:g.7574583G>T,,,,TP53
17,7574618,G,A,chr17:g.7574618G>A,,,,TP53
17,7574659,G,A,chr17:g.7574659G>A,,,,TP53
17,7574677,T,C,chr17:g.7574677T>C,,,,TP53
17,7574680,C,T,chr17:g.7574680C>T,,,,TP53
17,7574721,C,T,chr17:g.7574721C>T,,,,TP53
17,7574775,C,T,chr17:g.7574775C>T,,,,TP53
17,7574779,C,T,chr17:g.7574779C>T,,,,TP53
17,7574816,C,T,chr17:g.7574816C>T,,,,TP53
17,7574864,C,T,chr17:g.7574864C>T,,,,TP53
17,7574897,C,T,chr17:g.7574897C>T,,,,TP53
17,7574909,C,T,chr17:g.7574909C>T,,,,TP53
17,7574929,T,C,chr17:g.7574929T>C,,,,TP53
17,7574936,C,T,chr17:g.7574936C>T,,,,TP53
17,7574944,G,A,chr17:g.7574944G>A,,,,TP53
17,7574953,G,A,chr17:g.7574953G>A,,,,TP53
17,7574997,C,T,chr17:g.7574997C>T,,,,TP53
17,7575103,A,G,chr17:g.7575103A>G,,,,TP53
17,7575118,G,A,chr17:g.7575118G>A,,,,TP53
17,7575123,A,G,chr17:g.7575123A>G,,,,TP53
17,7575278,C,T,chr17:g.7575278C>T,,,,TP53
17,7575321,C,T,chr17:g.7575321C>T,,,,TP53
17,7575324,C,T,chr17:g.7575324C>T,,,,TP53
17,7575431,C,T,chr17:g.7575431C>T,,,,TP53
17,7575450,C,G,chr17:g.7575450C>G,,,,TP53
17,7575461,G,A,chr17:g.7575461G>A,,,,TP53
17,7575514,C,T,chr17:g.7575514C>T,,,,TP53
17,7575564,T,C,chr17:g.7575564T>C,,,,TP53
17,7575633,A,G,chr17:g.7575633A>G,,,,TP53
17,7575713,A,T,chr17:g.7575713A>T,,,,TP53
17,7575733,A,G,chr17:g.7575733A>G,,,,TP53
17,7575917,G,C,chr17:g.7575917G>C,,,,TP53
17,7575952,A,G,chr17:g.7575952A>G,,,,TP53
17,7576111,G,T,chr17:g.7576111G>T,,,,TP53
17,7576144,G,A,chr17:g.7576144G>A,,,,TP53
17,7576151,G,A,chr17:g.7576151G>A,,,,TP53
17,7576221,G,A,chr17:g.7576221G>A,,,,TP53
17,7576246,G,A,chr17:g.7576246G>A,,,,TP53
17,7576272,A,T,chr17:g.7576272A>T,,,,TP53
17,7576276,T,A,chr17:g.7576276T>A,,,,TP53
17,7576289,A,G,chr17:g.7576289A>G,,,,TP53
17,7576348,C,T,chr17:g.7576348C>T,,,,TP53
17,7576349,A,G,chr17:g.7576349A>G,,,,TP53
17,7576357,C,T,chr17:g.7576357C>T,,,,TP53
17,7576375,G,A,chr17:g.7576375G>A,,,,TP53
17,7576392,G,A,chr17:g.7576392G>A,,,,TP53
17,7576501,G,A,chr17:g.7576501G>A,,,,TP53
17,7576540,C,T,chr17:g.7576540C>T,,,,TP53
17,7576543,C,A,chr17:g.7576543C>A,,,,TP53
17,7576546,G,A,chr17:g.7576546G>A,,,,TP53
17,7576569,G,A,chr17:g.7576569G>A,,,,TP53
17,7576609,C,A,chr17:g.7576609C>A,,,,TP53
17,7576630,A,C,chr17:g.7576630A>C,,,,TP53
17,7576708,A,G,chr17:g.7576708A>G,,,,TP53
17,7576712,C,T,chr17:g.7576712C>T,,,,TP53
17,7576818,C,G,chr17:g.7576818C>G,,,,TP53
17,7576841,A,G,chr17:g.7576841A>G,,,,TP53
17,7576911,G,C,chr17:g.7576911G>C,,,upper_aerodigestive_tract,TP53
17,7576931,G,A,chr17:g.7576931G>A,,,,TP53
17,7576948,G,A,chr17:g.7576948G>A,,,,TP53
17,7576975,T,C,chr17:g.7576975T>C,,,,TP53
17,7576997,G,A,chr17:g.7576997G>A,,,,TP53
17,7577012,T,G,chr17:g.7577012T>G,,,,TP53
17,7577035,T,C,chr17:g.7577035T>C,,,oesophagus,TP53
17,7577046,C,T,chr17:g.7577046C>T,,,haematopoietic_and_lymphoid_tissue,TP53
17,7577069,C,T,chr17:g.7577069C>T,,,stomach,TP53
17,7577120,C,T,chr17:g.7577120C>T,,,soft_tissue,TP53
17,7577151,T,C,chr17:g.7577151T>C,,,stomach,TP53
17,7577231,C,T,chr17:g.7577231C>T,,,,TP53
17,7577367,C,T,chr17:g.7577367C>T,,,,TP53
17,7577369,C,G,chr17:g.7577369C>G,,,,TP53
17,7577370,C,T,chr17:g.7577370C>T,,,,TP53
17,7577374,G,A,chr17:g.7577374G>A,,,,TP53
17,7577407,A,C,chr17:g.7577407A>C,,,,TP53
17,7577427,G,A,chr17:g.7577427G>A,,,,TP53
17,7577467,G,A,chr17:g.7577467G>A,,,,TP53
17,7577478,G,C,chr17:g.7577478G>C,,,,TP53
17,7577482,G,A,chr17:g.7577482G>A,,,,TP53
17,7577489,G,A,chr17:g.7577489G>A,,,,TP53
17,7577627,C,T,chr17:g.7577627C>T,,,,TP53
17,7577644,C,G,chr17:g.7577644C>G,,,,TP53
17,7577645,G,A,chr17:g.7577645G>A,,,,TP53
17,7577659,T,C,chr17:g.7577659T>C,,,,TP53
17,7577667,G,A,chr17:g.7577667G>A,,,,TP53
17,7577671,G,A,chr17:g.7577671G>A,,,,TP53
17,7577672,G,A,chr17:g.7577672G>A,,,,TP53
17,7577708,G,A,chr17:g.7577708G>A,,,,TP53
17,7577709,C,T,chr17:g.7577709C>T,,,,TP53
17,7577715,C,T,chr17:g.7577715C>T,,,,TP53
17,7577765,C,G,chr17:g.7577765C>G,,,,TP53
17,7577777,C,T,chr17:g.7577777C>T,,,,TP53
17,7577843,A,AT,chr17:g.7577843A>AT,,,,
17,7577870,C,T,chr17:g.7577870C>T,,,,TP53
17,7577957,C,A,chr17:g.7577957C>A,,,,TP53
17,7577970,G,A,chr17:g.7577970G>A,,,,TP53
17,7577982,AG,A,chr17:g.7577982AG>A,,,,
17,7578058,C,T,chr17:g.7578058C>T,,,,TP53
17,7578072,G,A,chr17:g.7578072G>A,,,,TP53
17,7578115,T,C,chr17:g.7578115T>C,,,,TP53
17,7578116,G,A,chr17:g.7578116G>A,,,,TP53
17,7578129,C,T,chr17:g.7578129C>T,,,,TP53
17,7578146,T,C,chr17:g.7578146T>C,,,,TP53
17,7578147,C,T,chr17:g.7578147C>T,,,,TP53
17,7578159,C,G,chr17:g.7578159C>G,,,,TP53
17,7578162,A,G,chr17:g.7578162A>G,,,,TP53
17,7578191,A,G,chr17:g.7578191A>G,,,oesophagus,TP53
17,7578201,C,G,chr17:g.7578201C>G,,,,TP53
17,7578210,T,C,chr17:g.7578210T>C,,,large_intestine,TP53
17,7578297,C,G,chr17:g.7578297C>G,,,,TP53
17,7578351,C,T,chr17:g.7578351C>T,,,,TP53
17,7578368,C,A,chr17:g.7578368C>A,,,,TP53
17,7578407,G,A,chr17:g.7578407G>A,,,stomach,TP53
17,7578456,G,A,chr17:g.7578456G>A,,,soft_tissue,TP53
17,7578471,G,A,chr17:g.7578471G>A,,,urinary_tract,TP53
17,7578623,C,T,chr17:g.7578623C>T,,,,TP53
17,7578640,A,G,chr17:g.7578640A>G,,,,TP53
17,7578645,C,T,chr17:g.7578645C>T,,,,TP53
17,7578655,T,A,chr17:g.7578655T>A,,,,TP53
17,7578671,C,T,chr17:g.7578671C>T,,,,TP53
17,7578679,A,G,chr17:g.7578679A>G,,,,TP53
17,7578715,T,C,chr17:g.7578715T>C,,,,TP53
17,7578743,GCT,G,chr17:g.7578743GCT>G,,,,
17,7578772,T,G,chr17:g.7578772T>G,,,,TP53
17,7578793,C,T,chr17:g.7578793C>T,,,,TP53
17,7578822,C,T,chr17:g.7578822C>T,,,,TP53
17,7578837,A,G,chr17:g.7578837A>G,,,,TP53
17,7578874,G,T,chr17:g.7578874G>T,,,,TP53
17,7578887,A,AT,chr17:g.7578887A>AT,,,,
17,7578957,G,A,chr17:g.7578957G>A,,,,TP53
17,7579008,G,A,chr17:g.7579008G>A,,,,TP53
17,7579081,A,G,chr17:g.7579081A>G,,,,TP53
17,7579126,C,T,chr17:g.7579126C>T,,,,TP53
17,7579271,C,T,chr17:g.7579271C>T,,,,TP53
17,7579358,C,T,chr17:g.7579358C>T,,,urinary_tract,TP53
17,7579368,A,G,chr17:g.7579368A>G,,,,TP53
17,7579439,G,A,chr17:g.7579439G>A,,,,TP53
17,7579471,G,A,chr17:g.7579471G>A,,,,TP53
17,7579472,G,C,chr17:g.7579472G>C,,,upper_aerodigestive_tract,TP53
17,7579519,T,C,chr17:g.7579519T>C,,,haematopoietic_and_lymphoid_tissue,TP53
17,7579546,C,T,chr17:g.7579546C>T,,,urinary_tract,TP53
17,7579548,G,A,chr17:g.7579548G>A,,,,TP53
17,7579579,C,T,chr17:g.7579579C>T,,,,TP53
17,7579596,G,A,chr17:g.7579596G>A,,,,TP53
17,7579618,A,T,chr17:g.7579618A>T,,,,TP53
17,7579619,G,T,chr17:g.7579619G>T,,,,TP53
17,7579642,C,T,chr17:g.7579642C>T,,,,TP53
17,7579643,CCCCCAGCCCTCCAGGT,C,chr17:g.7579643CCCCCAGCCCTCCAGGT>C,,,,
17,7579685,A,G,chr17:g.7579685A>G,,,,TP53
17,7579705,C,T,chr17:g.7579705C>T,,,adrenal_gland,TP53
17,7579761,C,T,chr17:g.7579761C>T,,,,TP53
17,7579762,G,A,chr17:g.7579762G>A,,,,TP53
17,7579794,T,A,chr17:g.7579794T>A,,,,TP53
17,7579801,G,C,chr17:g.7579801G>C,,,,TP53
17,7579825,A,G,chr17:g.7579825A>G,,,,TP53
17,7579850,G,A,chr17:g.7579850G>A,,,,TP53
17,7579882,C,G,chr17:g.7579882C>G,,,breast,TP53
17,7579883,G,A,chr17:g.7579883G>A,,,endometrium,TP53
17,7579885,C,T,chr17:g.7579885C>T,,,large_intestine,TP53
17,7580027,C,T,chr17:g.7580027C>T,,,,TP53
17,7580052,C,T,chr17:g.7580052C>T,,,,TP53
17,7580068,A,C,chr17:g.7580068A>C,,,,TP53
17,7580117,C,G,chr17:g.7580117C>G,,,,TP53
17,7580163,G,C,chr17:g.7580163G>C,,,,TP53
17,7580256,AT,A,chr17:g.7580256AT>A,,,,
17,7580281,G,A,chr17:g.7580281G>A,,,,TP53
17,7580342,C,T,chr17:g.7580342C>T,,,,TP53
17,7580347,C,T,chr17:g.7580347C>T,,,,TP53
17,7580421,A,AT,chr17:g.7580421A>AT,,,,
17,7580436,G,A,chr17:g.7580436G>A,,,,TP53
17,7580500,C,T,chr17:g.7580500C>T,,,,TP53
17,7580598,C,T,chr17:g.7580598C>T,,,,TP53
17,7580651,C,T,chr17:g.7580651C>T,,,,TP53
17,7580677,C,T,chr17:g.7580677C>T,,,,TP53
17,7580696,A,G,chr17:g.7580696A>G,,,,TP53
17,7580709,C,T,chr17:g.7580709C>T,,,,TP53
17,7580820,C,T,chr17:g.7580820C>T,,,,TP53
17,7580827,G,A,chr17:g.7580827G>A,,,,TP53
17,7580863,A,G,chr17:g.7580863A>G,,,,TP53
17,7580941,C,T,chr17:g.7580941C>T,,,,TP53
17,7581002,T,A,chr17:g.7581002T>A,,,,TP53
17,7581042,A,G,chr17:g.7581042A>G,,,,TP53
17,7581119,A,C,chr17:g.7581119A>C,,,,TP53
17,7581124,A,G,chr17:g.7581124A>G,,,,TP53
17,7581162,C,T,chr17:g.7581162C>T,,,,TP53
17,7581178,G,A,chr17:g.7581178G>A,,,,TP53
17,7581182,C,T,chr17:g.7581182C>T,,,,TP53
17,7581227,C,T,chr17:g.7581227C>T,,,,TP53
17,7581228,G,A,chr17:g.7581228G>A,,,,TP53
17,7581262,C,A,chr17:g.7581262C>A,,,,TP53
17,7581271,C,T,chr17:g.7581271C>T,,,,TP53
17,7581275,T,C,chr17:g.7581275T>C,,,,TP53
17,7581348,T,C,chr17:g.7581348T>C,,,,TP53
17,7581357,A,G,chr17:g.7581357A>G,,,,TP53
17,7581359,T,G,chr17:g.7581359T>G,,,,TP53
17,7581363,A,G,chr17:g.7581363A>G,,,,TP53
17,7581395,G,A,chr17:g.7581395G>A,,,,TP53
17,7581427,C,G,chr17:g.7581427C>G,,,,TP53
17,7581495,G,A,chr17:g.7581495G>A,,,,TP53
17,7581536,C,T,chr17:g.7581536C>T,,,,TP53
17,7581565,A,G,chr17:g.7581565A>G,,,,TP53
17,7581583,G,A,chr17:g.7581583G>A,,,,TP53
17,7581682,G,A,chr17:g.7581682G>A,,,,TP53
17,7581701,T,C,chr17:g.7581701T>C,,,,TP53
17,7581710,C,T,chr17:g.7581710C>T,,,,TP53
17,7581766,TTTTC,T,chr17:g.7581766TTTTC>T,,,,
17,7581769,TC,T,chr17:g.7581769TC>T,,,,
17,7581803,C,T,chr17:g.7581803C>T,,,,TP53
17,7581815,G,A,chr17:g.7581815G>A,,,,TP53
17,7581873,C,A,chr17:g.7581873C>A,,,,TP53
17,7581874,G,A,chr17:g.7581874G>A,,,,TP53
17,7581885,C,G,chr17:g.7581885C>G,,,,TP53
17,7581911,C,T,chr17:g.7581911C>T,,,,TP53
17,7581918,C,T,chr17:g.7581918C>T,,,,TP53
17,7582000,G,A,chr17:g.7582000G>A,,,,TP53
17,7582019,G,A,chr17:g.7582019G>A,,,,TP53
17,7582067,C,T,chr17:g.7582067C>T,,,,TP53
17,7582068,G,A,chr17:g.7582068G>A,,,,TP53
17,7582069,G,A,chr17:g.7582069G>A,,,,TP53
17,7582208,A,G,chr17:g.7582208A>G,,,,TP53
17,7582240,GTTTT,G,chr17:g.7582240GTTTT>G,,,,
17,7582304,C,T,chr17:g.7582304C>T,,,,TP53
17,7582477,C,T,chr17:g.7582477C>T,,,,TP53
17,7582478,G,A,chr17:g.7582478G>A,,,,TP53
17,7582606,TTTTTA,T,chr17:g.7582606TTTTTA>T,,,,
17,7582648,T,C,chr17:g.7582648T>C,,,,TP53
17,7582665,G,A,chr17:g.7582665G>A,,,,TP53
17,7582719,C,CCTT,chr17:g.7582719C>CCTT,,,,
17,7582823,G,C,chr17:g.7582823G>C,,,,TP53
17,7582859,G,A,chr17:g.7582859G>A,,,,TP53
17,7582874,A,AC,chr17:g.7582874A>AC,,,,
17,7582874,A,G,chr17:g.7582874A>G,,,,TP53
17,7582906,C,T,chr17:g.7582906C>T,,,,TP53
17,7582910,C,T,chr17:g.7582910C>T,,,,TP53
17,7582922,A,C,chr17:g.7582922A>C,,,,TP53
17,7582934,C,T,chr17:g.7582934C>T,,,,TP53
17,7582985,C,T,chr17:g.7582985C>T,,,,TP53
17,7583013,C,G,chr17:g.7583013C>G,,,,TP53
17,7583030,A,G,chr17:g.7583030A>G,,,,TP53
17,7583072,A,G,chr17:g.7583072A>G,,,,TP53
17,7583083,G,A,chr17:g.7583083G>A,,,,TP53
17,7583099,T,C,chr17:g.7583099T>C,,,,TP53
17,7583109,A,T,chr17:g.7583109A>T,,,,TP53
17,7583120,G,C,chr17:g.7583120G>C,,,,TP53
17,7583163,G,A,chr17:g.7583163G>A,,,,TP53
17,7583186,G,A,chr17:g.7583186G>A,,,,TP53
17,7583194,T,C,chr17:g.7583194T>C,,,,TP53
17,7583198,A,G,chr17:g.7583198A>G,,,,TP53
17,7583222,C,G,chr17:g.7583222C>G,,,,TP53
17,7583227,G,A,chr17:g.7583227G>A,,,,TP53
17,7583265,G,A,chr17:g.7583265G>A,,,,TP53
17,7583274,A,G,chr17:g.7583274A>G,,,,TP53
17,7583433,C,A,chr17:g.7583433C>A,,,,TP53
17,7583470,T,C,chr17:g.7583470T>C,,,,TP53
17,7583528,T,TACA,chr17:g.7583528T>TACA,,,,
17,7583586,T,A,chr17:g.7583586T>A,,,,TP53
17,7583587,G,A,chr17:g.7583587G>A,,,,TP53
17,7583622,G,C,chr17:g.7583622G>C,,,,TP53
17,7583703,C,T,chr17:g.7583703C>T,,,,TP53
17,7583725,T,G,chr17:g.7583725T>G,,,,TP53
17,7583746,C,G,chr17:g.7583746C>G,,,,TP53
17,7583748,G,A,chr17:g.7583748G>A,,,,TP53
17,7583777,T,C,chr17:g.7583777T>C,,,,TP53
17,7583799,G,C,chr17:g.7583799G>C,,,,TP53
17,7583814,C,CT,chr17:g.7583814C>CT,,,,
17,7583845,C,CT,chr17:g.7583845C>CT,,,,
17,7583863,G,A,chr17:g.7583863G>A,,,,TP53
17,7583885,C,T,chr17:g.7583885C>T,,,,TP53
17,7583889,G,A,chr17:g.7583889G>A,,,,TP53
17,7583897,C,T,chr17:g.7583897C>T,,,,TP53
17,7583903,C,G,chr17:g.7583903C>G,,,,TP53
17,7584032,G,A,chr17:g.7584032G>A,,,,TP53
17,7584080,C,T,chr17:g.7584080C>T,,,,TP53
17,7584094,C,T,chr17:g.7584094C>T,,,,TP53
17,7584118,C,T,chr17:g.7584118C>T,,,,TP53
17,7584119,G,A,chr17:g.7584119G>A,,,,TP53
17,7584138,C,G,chr17:g.7584138C>G,,,,TP53
17,7584197,A,G,chr17:g.7584197A>G,,,,TP53
17,7584203,G,A,chr17:g.7584203G>A,,,,TP53
17,7584266,G,A,chr17:g.7584266G>A,,,,TP53
17,7584274,G,A,chr17:g.7584274G>A,,,,TP53
17,7584343,A,G,chr17:g.7584343A>G,,,,TP53
17,7584351,G,A,chr17:g.7584351G>A,,,,TP53
17,7584355,C,T,chr17:g.7584355C>T,,,,TP53
17,7584400,T,C,chr17:g.7584400T>C,,,,TP53
17,7584488,CT,C,chr17:g.7584488CT>C,,,,
17,7584515,A,G,chr17:g.7584515A>G,,,,TP53
17,7584599,C,T,chr17:g.7584599C>T,,,,TP53
17,7584717,A,C,chr17:g.7584717A>C,,,,TP53
17,7584811,G,A,chr17:g.7584811G>A,,,,TP53
17,7584872,T,C,chr17:g.7584872T>C,,,,TP53
17,7585055,CCT,C,chr17:g.7585055CCT>C,,,,
17,7585108,TTC,T,chr17:g.7585108TTC>T,,,,
17,7585116,C,CT,chr17:g.7585116C>CT,,,,
17,7585207,G,A,chr17:g.7585207G>A,,,,TP53
17,7585236,C,T,chr17:g.7585236C>T,,,,TP53
17,7585362,C,T,chr17:g.7585362C>T,,,,TP53
17,7585389,G,C,chr17:g.7585389G>C,,,,TP53
17,7585449,T,C,chr17:g.7585449T>C,,,,TP53
17,7585532,T,C,chr17:g.7585532T>C,,,,TP53
17,7585534,T,C,chr17:g.7585534T>C,,,,TP53
17,7585556,G,T,chr17:g.7585556G>T,,,,TP53
17,7585572,C,T,chr17:g.7585572C>T,,,,TP53
17,7585590,C,T,chr17:g.7585590C>T,,,,TP53
17,7585632,A,G,chr17:g.7585632A>G,,,,TP53
17,7585642,C,G,chr17:g.7585642C>G,,,,TP53
17,7585650,C,A,chr17:g.7585650C>A,,,,TP53
17,7585652,C,G,chr17:g.7585652C>G,,,,TP53
17,7585693,A,C,chr17:g.7585693A>C,,,,TP53
17,7585724,G,A,chr17:g.7585724G>A,,,,TP53
17,7585759,T,A,chr17:g.7585759T>A,,,,TP53
17,7585855,G,A,chr17:g.7585855G>A,,,,TP53
17,7586037,T,C,chr17:g.7586037T>C,,,,TP53
17,7586046,A,C,chr17:g.7586046A>C,,,,TP53
17,7586058,T,A,chr17:g.7586058T>A,,,,TP53
17,7586061,T,C,chr17:g.7586061T>C,,,,TP53
17,7586063,T,C,chr17:g.7586063T>C,,,,TP53
17,7586079,C,A,chr17:g.7586079C>A,,,,TP53
17,7586080,A,G,chr17:g.7586080A>G,,,,TP53
17,7586209,G,A,chr17:g.7586209G>A,,,,TP53
17,7586255,T,C,chr17:g.7586255T>C,,,,TP53
17,7586258,T,A,chr17:g.7586258T>A,,,,TP53
17,7586346,C,A,chr17:g.7586346C>A,,,,TP53
17,7586358,C,T,chr17:g.7586358C>T,,,,TP53
17,7586359,G,A,chr17:g.7586359G>A,,,,TP53
17,7586368,G,GC,chr17:g.7586368G>GC,,,,
17,7586380,C,T,chr17:g.7586380C>T,,,,TP53
17,7586381,G,C,chr17:g.7586381G>C,,,,TP53
17,7586387,C,G,chr17:g.7586387C>G,,,,TP53
17,7586471,G,A,chr17:g.7586471G>A,,,,TP53
17,7586476,G,A,chr17:g.7586476G>A,,,,TP53
17,7586512,C,T,chr17:g.7586512C>T,,,,TP53
17,7586529,G,A,chr17:g.7586529G>A,,,,TP53
17,7586588,G,A,chr17:g.7586588G>A,,,,TP53
17,7586650,G,A,chr17:g.7586650G>A,,,,TP53
17,7586687,T,C,chr17:g.7586687T>C,,,,TP53
17,7586706,G,A,chr17:g.7586706G>A,,,,TP53
17,7586739,G,A,chr17:g.7586739G>A,,,,TP53
17,7586789,A,G,chr17:g.7586789A>G,,,,TP53
17,7586794,C,T,chr17:g.7586794C>T,,,,TP53
17,7586799,C,T,chr17:g.7586799C>T,,,,TP53
17,7586814,T,C,chr17:g.7586814T>C,,,,TP53
17,7586893,T,C,chr17:g.7586893T>C,,,,TP53
17,7586973,G,C,chr17:g.7586973G>C,,,,TP53
17,7587081,G,A,chr17:g.7587081G>A,,,,TP53
17,7587098,C,T,chr17:g.7587098C>T,,,,TP53
17,7587118,T,C,chr17:g.7587118T>C,,,,TP53
17,7587180,T,C,chr17:g.7587180T>C,,,,TP53
17,7587200,T,C,chr17:g.7587200T>C,,,,TP53
17,7587229,C,T,chr17:g.7587229C>T,,,,TP53
17,7587249,C,T,chr17:g.7587249C>T,,,,TP53
17,7587250,G,T,chr17:g.7587250G>T,,,,TP53
17,7587320,C,T,chr17:g.7587320C>T,,,,TP53
17,7587343,C,T,chr17:g.7587343C>T,,,,TP53
17,7587357,T,C,chr17:g.7587357T>C,,,,TP53
17,7587384,C,T,chr17:g.7587384C>T,,,,TP53
17,7587409,G,T,chr17:g.7587409G>T,,,,TP53
17,7587436,G,A,chr17:g.7587436G>A,,,,TP53
17,7587467,A,C,chr17:g.7587467A>C,,,,TP53
17,7587474,T,C,chr17:g.7587474T>C,,,,TP53
17,7587482,C,T,chr17:g.7587482C>T,,,,TP53
17,7587611,G,C,chr17:g.7587611G>C,,,,TP53
17,7587687,A,G,chr17:g.7587687A>G,,,,TP53
17,7587733,T,C,chr17:g.7587733T>C,,,,TP53
17,7587760,C,G,chr17:g.7587760C>G,,,,TP53
17,7587838,G,A,chr17:g.7587838G>A,,,,TP53
17,7587899,T,C,chr17:g.7587899T>C,,,,TP53
17,7587932,C,G,chr17:g.7587932C>G,,,,TP53
17,7587976,T,C,chr17:g.7587976T>C,,,,TP53
17,7588006,A,C,chr17:g.7588006A>C,,,,TP53
17,7588031,C,G,chr17:g.7588031C>G,,,,TP53
17,7588068,C,T,chr17:g.7588068C>T,,,,TP53
17,7588112,G,A,chr17:g.7588112G>A,,,,TP53
17,7588114,A,G,chr17:g.7588114A>G,,,,TP53
17,7588193,C,A,chr17:g.7588193C>A,,,,TP53
17,7588259,C,G,chr17:g.7588259C>G,,,,TP53
17,7588344,T,C,chr17:g.7588344T>C,,,,TP53
17,7588470,A,T,chr17:g.7588470A>T,,,,TP53
17,7588520,C,T,chr17:g.7588520C>T,,,,TP53
17,7588560,A,G,chr17:g.7588560A>G,,,,TP53
17,7588666,T,G,chr17:g.7588666T>G,,,,TP53
17,7588679,GC,G,chr17:g.7588679GC>G,,,,
17,7588712,T,C,chr17:g.7588712T>C,,,,TP53
17,7588724,T,C,chr17:g.7588724T>C,,,,TP53
17,7588730,G,C,chr17:g.7588730G>C,,,,TP53
17,7588750,G,T,chr17:g.7588750G>T,,,,TP53
17,7588761,G,T,chr17:g.7588761G>T,,,,TP53
17,7588775,T,C,chr17:g.7588775T>C,,,,TP53
17,7588777,T,TG,chr17:g.7588777T>TG,,,,
17,7588781,T,C,chr17:g.7588781T>C,,,,TP53
17,7588818,T,C,chr17:g.7588818T>C,,,,TP53
17,7588897,C,T,chr17:g.7588897C>T,,,,TP53
17,7588956,G,A,chr17:g.7588956G>A,,,,TP53
17,7589047,G,T,chr17:g.7589047G>T,,,,TP53
17,7589060,C,A,chr17:g.7589060C>A,,,,TP53
17,7589188,T,C,chr17:g.7589188T>C,,,,TP53
17,7589224,T,G,chr17:g.7589224T>G,,,,TP53
17,7589262,A,C,chr17:g.7589262A>C,,,,TP53
17,7589311,G,C,chr17:g.7589311G>C,,,,TP53
17,7589346,G,C,chr17:g.7589346G>C,,,,TP53
17,7589377,C,G,chr17:g.7589377C>G,,,,TP53
17,7589389,T,A,chr17:g.7589389T>A,,,,TP53
17,7589404,C,T,chr17:g.7589404C>T,,,,TP53
17,7589414,G,T,chr17:g.7589414G>T,,,,TP53
17,7589454,C,T,chr17:g.7589454C>T,,,,TP53
17,7589490,A,T,chr17:g.7589490A>T,,,,TP53
17,7589504,T,C,chr17:g.7589504T>C,,,,TP53
17,7589512,T,C,chr17:g.7589512T>C,,,,TP53
17,7589519,G,A,chr17:g.7589519G>A,,,,TP53
17,7589587,C,T,chr17:g.7589587C>T,,,,TP53
17,7589611,C,G,chr17:g.7589611C>G,,,,TP53
17,7589691,C,T,chr17:g.7589691C>T,,,,TP53
17,7589702,C,T,chr17:g.7589702C>T,,,,TP53
17,7589705,C,T,chr17:g.7589705C>T,,,,TP53
17,7589747,C,A,chr17:g.7589747C>A,,,,TP53
17,7589770,C,T,chr17:g.7589770C>T,,,,TP53
17,7589771,A,C,chr17:g.7589771A>C,,,,TP53
17,7589830,A,G,chr17:g.7589830A>G,,,,TP53
17,7589841,A,T,chr17:g.7589841A>T,,,,TP53
17,7589845,A,T,chr17:g.7589845A>T,,,,TP53
17,7589846,G,T,chr17:g.7589846G>T,,,,TP53
17,7589848,A,C,chr17:g.7589848A>C,,,,TP53
17,7589896,G,A,chr17:g.7589896G>A,,,,TP53
17,7589984,C,T,chr17:g.7589984C>T,,,,TP53
17,7590057,G,A,chr17:g.7590057G>A,,,,TP53
17,7590073,C,G,chr17:g.7590073C>G,,,,TP53
17,7590124,A,G,chr17:g.7590124A>G,,,,TP53
17,7590147,A,C,chr17:g.7590147A>C,,,,TP53
17,7590152,G,C,chr17:g.7590152G>C,,,,TP53
17,7590183,A,T,chr17:g.7590183A>T,,,,TP53
17,7590269,T,C,chr17:g.7590269T>C,,,,TP53
17,7590374,T,C,chr17:g.7590374T>C,,,,TP53
17,7590410,G,A,chr17:g.7590410G>A,,,,TP53
17,7590459,A,G,chr17:g.7590459A>G,,,,TP53
17,7590468,A,C,chr17:g.7590468A>C,,,,TP53
17,7590510,C,T,chr17:g.7590510C>T,,,,TP53
17,7590512,G,C,chr17:g.7590512G>C,,,,TP53
17,7590547,C,T,chr17:g.7590547C>T,,,,TP53
17,7590602,C,A,chr17:g.7590602C>A,,,,TP53
17,7590714,C,T,chr17:g.7590714C>T,,,,TP53
